Date,High,Low,OpenPrice,Close,Average,LowAverage,HighAverage,LargeAverage
2020-11-17 17:14:20,400.70,386.18,388.44,400.39,395.76,0.00,0.00
2020-11-17 17:15:20,401.48,386.18,388.44,401.19,396.28,386.18,400.70
2020-11-17 17:16:20,402.00,386.18,388.44,401.84,396.67,386.18,401.09
2020-11-17 17:17:20,402.00,386.18,388.44,401.42,396.53,386.18,401.39
2020-11-17 17:18:20,402.00,386.18,388.44,401.62,396.60,386.18,401.55
2020-11-17 17:19:19,402.00,386.18,388.44,401.18,396.45,386.18,401.64
2020-11-17 17:20:21,402.00,386.18,388.44,401.14,396.44,386.18,401.70
2020-11-17 17:21:20,402.00,386.18,388.44,400.91,396.36,386.18,401.74
2020-11-17 17:22:19,402.00,386.18,388.44,400.90,396.36,386.18,401.77
2020-11-17 17:23:21,402.00,386.18,388.44,400.88,396.35,386.18,401.80
2020-11-17 17:24:20,402.00,386.18,388.44,400.58,396.25,386.18,401.82
2020-11-17 17:25:26,402.00,386.18,388.44,400.89,396.36,386.18,401.83
2020-11-17 17:45:39,407.11,386.18,388.44,405.94,399.74,386.18,401.85
2020-11-17 17:46:39,407.11,386.18,388.44,406.58,399.96,386.18,402.25
2020-11-17 17:47:39,407.59,386.18,388.44,407.33,400.37,386.18,402.60
2020-11-17 17:48:38,407.59,386.18,388.44,407.10,400.29,386.18,402.93
2020-11-17 17:49:40,407.59,386.18,388.44,407.12,400.30,386.18,403.22
2020-11-17 17:50:40,407.60,386.18,388.44,407.32,400.37,386.18,403.48
2020-11-17 17:51:39,407.60,386.18,388.44,406.41,400.06,386.18,403.71
2020-11-17 17:52:41,407.60,386.18,388.44,406.09,399.96,386.18,403.91
2020-11-17 17:53:38,407.60,386.18,388.44,405.83,399.87,386.18,404.10
2020-11-17 17:54:43,407.60,386.18,388.44,406.20,399.99,386.18,404.44
2020-11-17 17:55:42,407.60,386.18,388.44,406.59,400.12,386.18,404.75
1970-01-01 01:00:00,407.60,386.18,388.44,406.72,400.17,386.18,405.03
2020-11-17 17:57:40,407.60,386.18,388.44,406.64,400.14,386.18,405.31
2020-11-17 17:58:39,407.60,386.18,388.44,406.51,400.10,386.18,405.59
2020-11-17 17:59:42,407.60,386.18,388.44,406.24,400.01,386.18,405.87
2020-11-17 18:00:39,407.60,386.18,388.44,407.30,400.36,386.18,406.15
2020-11-17 18:01:40,407.87,386.18,388.44,406.90,400.32,386.18,406.43
2020-11-17 18:02:43,407.87,386.18,388.44,405.56,399.87,386.18,406.72
2020-11-17 18:05:10,407.87,386.18,388.44,403.00,399.02,386.18,407.02
2020-11-17 18:06:07,407.87,386.18,388.44,401.54,398.53,386.18,407.31
2020-11-17 18:07:09,407.87,386.18,388.44,401.69,398.58,386.18,407.60
2020-11-17 18:08:13,407.87,386.18,388.44,402.58,398.88,386.18,407.64
2020-11-17 18:09:10,407.87,386.18,388.44,403.25,399.10,386.18,407.68
2020-11-17 18:10:09,407.87,386.18,388.44,402.34,398.80,386.18,407.69
2020-11-17 18:47:09,407.87,386.18,388.44,406.73,400.26,386.18,407.71
2020-11-17 18:48:08,407.87,386.18,388.44,405.96,400.00,386.18,407.72
2020-11-17 18:49:09,407.87,386.18,388.44,405.86,399.97,386.18,407.73
2020-11-17 19:08:28,407.87,386.18,388.44,404.36,399.47,386.18,407.75
2020-11-17 19:09:29,407.87,386.18,388.44,403.86,399.30,386.18,407.76
2020-11-17 19:10:32,407.87,386.18,388.44,403.10,399.05,386.18,407.78
2020-11-17 19:11:29,407.87,386.18,388.44,402.38,398.81,386.18,407.79
2020-11-17 19:12:25,407.87,386.18,388.44,403.33,399.13,386.18,407.80
2020-11-17 19:13:28,407.87,386.18,388.44,403.50,399.18,386.18,407.82
2020-11-17 19:14:26,407.87,386.18,388.44,403.83,399.29,386.18,407.83
2020-11-17 19:14:56,407.87,386.18,388.44,403.83,399.29,386.18,407.84
2020-11-17 19:15:58,407.87,386.18,388.44,404.38,399.48,386.18,407.86
2020-11-17 19:16:54,407.87,386.18,388.44,404.58,399.54,386.18,407.87
2020-11-17 19:17:57,407.87,386.18,388.44,404.80,399.62,386.18,407.87
2020-11-17 19:18:57,407.87,386.18,388.44,404.71,399.59,386.18,407.87
2020-11-17 19:19:56,407.87,386.18,388.44,404.76,399.60,386.18,407.87
1970-01-01 01:00:00,407.87,386.18,388.44,404.34,399.46,386.18,407.87
2020-11-17 19:21:38,407.87,386.18,388.44,404.16,399.40,386.18,407.87
2020-11-17 19:22:09,407.87,386.18,388.44,404.72,399.59,386.18,407.87
2020-11-17 19:23:10,407.87,386.18,388.44,404.78,399.61,386.18,407.87
2020-11-17 19:24:09,407.87,386.18,388.44,404.61,399.55,386.18,407.87
2020-11-17 19:25:11,407.87,386.18,388.44,404.43,399.49,386.18,407.87
2020-11-17 19:26:09,407.87,386.18,388.44,404.12,399.39,386.18,407.87
2020-11-17 19:27:08,407.87,386.18,388.44,403.10,399.05,386.18,407.87
2020-11-17 19:28:09,407.87,386.18,388.44,403.24,399.10,386.18,407.87
2020-11-17 19:29:07,407.87,386.18,388.44,403.09,399.05,386.18,407.87
2020-11-17 19:30:09,407.87,386.18,388.44,402.78,398.94,386.18,407.87
2020-11-17 19:31:09,407.87,386.18,388.44,403.13,399.06,386.18,407.87
2020-11-17 19:32:07,407.87,386.18,388.44,402.88,398.98,386.18,407.87
2020-11-17 19:33:10,407.87,386.18,388.44,403.49,399.18,386.18,407.87
2020-11-17 19:34:09,407.87,386.18,388.44,403.36,399.14,386.18,407.87
2020-11-17 19:35:07,407.87,386.18,388.44,403.89,399.31,386.18,407.87
2020-11-17 19:35:37,407.87,386.18,388.44,403.97,399.34,386.18,407.87
2020-11-17 19:36:39,407.87,386.18,388.44,404.48,399.51,386.18,407.87
2020-11-17 19:37:37,407.87,386.18,388.44,403.84,399.30,386.18,407.87
2020-11-17 19:38:40,407.87,386.18,388.44,403.85,399.30,386.18,407.87
2020-11-17 19:39:39,407.87,386.18,388.44,403.84,399.30,386.18,407.87
2020-11-17 19:40:38,407.87,386.18,388.44,403.37,399.14,386.18,407.87
2020-11-17 19:41:36,407.87,386.18,388.44,403.05,399.03,386.18,407.87
2020-11-17 19:42:11,407.87,386.18,388.44,403.20,399.08,386.18,407.87
2020-11-17 19:43:09,407.87,386.18,388.44,402.80,398.95,386.18,407.87
2020-11-17 20:01:30,407.87,386.18,388.44,403.60,399.22,386.18,407.87
2020-11-17 20:02:30,407.87,386.18,388.44,402.35,398.80,386.18,407.87
2020-11-17 20:03:29,407.87,386.18,388.44,402.26,398.77,386.18,407.87
2020-11-17 20:05:19,407.87,386.18,388.44,401.61,398.55,386.18,407.87
2020-11-17 20:06:17,407.87,386.18,388.44,402.22,398.76,386.18,407.87
2020-11-17 20:07:16,407.87,386.18,388.44,402.94,399.00,386.18,407.87
2020-11-17 20:08:18,407.87,386.18,388.44,403.38,399.14,386.18,407.87
2020-11-17 20:09:17,407.87,386.18,388.44,403.27,399.11,386.18,407.87
2020-11-17 20:10:16,407.87,386.18,388.44,403.27,399.11,386.18,407.87
2020-11-17 20:10:46,407.87,386.18,388.44,403.27,399.11,386.18,407.87
2020-11-17 20:11:18,407.87,386.18,388.44,403.83,399.29,386.18,407.87
2020-11-17 20:12:19,407.87,386.18,388.44,403.98,399.34,386.18,407.87
2020-11-17 20:13:16,407.87,386.18,388.44,404.00,399.35,386.18,407.87
2020-11-17 20:14:18,407.87,386.18,388.44,404.18,399.41,386.18,407.87
2020-11-17 20:15:18,407.87,386.18,388.44,404.60,399.55,386.18,407.87
2020-11-17 20:16:17,407.87,386.18,388.44,405.00,399.68,386.18,407.87
2020-11-17 20:17:18,407.87,386.18,388.44,405.40,399.82,386.18,407.87
2020-11-17 20:18:17,407.87,386.18,388.44,405.83,399.96,386.18,407.87
2020-11-17 20:19:19,407.87,386.18,388.44,406.08,400.04,386.18,407.87
2020-11-17 20:20:17,407.87,386.18,388.44,406.29,400.11,386.18,407.87
2020-11-17 20:21:17,407.87,386.18,388.44,406.31,400.12,386.18,407.87
2020-11-17 20:22:17,407.87,386.18,388.44,406.24,400.10,386.18,407.87
2020-11-17 20:23:18,407.87,386.18,388.44,406.30,400.12,386.18,407.87
2020-11-17 20:24:18,407.87,386.18,388.44,406.29,400.11,386.18,407.87
2020-11-17 20:25:18,407.87,386.18,388.44,406.98,400.34,386.18,407.87
2020-11-17 20:26:16,407.87,386.18,388.44,406.93,400.33,386.18,407.87
2020-11-17 20:27:18,407.87,386.18,388.44,406.90,400.32,386.18,407.87
2020-11-17 20:28:17,407.87,386.18,388.44,406.94,400.33,386.18,407.87
2020-11-17 20:29:15,407.87,386.18,388.44,406.72,400.26,386.18,407.87
2020-11-17 20:29:45,407.87,386.18,388.44,406.74,400.26,386.18,407.87
2020-11-17 20:30:18,407.87,386.18,388.44,406.88,400.31,386.18,407.87
2020-11-17 20:31:17,407.87,386.18,388.44,406.62,400.22,386.18,407.87
2020-11-17 20:32:17,407.87,386.18,388.44,407.19,400.41,386.18,407.87
2020-11-17 20:33:19,408.05,386.18,388.44,407.91,400.71,386.18,407.87
2020-11-17 20:34:17,408.47,386.18,388.44,407.53,400.73,386.18,407.88
2020-11-17 20:35:17,408.47,386.18,388.44,406.75,400.47,386.18,407.91
2020-11-17 20:36:17,408.47,386.18,388.44,406.54,400.40,386.18,407.94
2020-11-17 20:37:15,408.47,386.18,388.44,406.22,400.29,386.18,407.97
2020-11-17 20:38:16,408.47,386.18,388.44,406.32,400.32,386.18,408.00
2020-11-17 20:39:17,408.47,386.18,388.44,406.62,400.42,386.18,408.03
2020-11-17 20:40:19,408.47,386.18,388.44,406.94,400.53,386.18,408.06
2020-11-17 20:41:17,408.47,386.18,388.44,406.82,400.49,386.18,408.09
2020-11-17 20:42:19,408.47,386.18,388.44,406.73,400.46,386.18,408.12
2020-11-17 20:43:18,408.47,386.18,388.44,406.38,400.34,386.18,408.15
2020-11-17 20:44:18,408.47,386.18,388.44,406.69,400.45,386.18,408.18
2020-11-17 20:45:15,408.47,386.18,388.44,407.00,400.55,386.18,408.21
2020-11-17 20:45:46,408.47,386.18,388.44,407.30,400.65,386.18,408.24
2020-11-17 20:46:18,408.47,386.18,388.44,407.25,400.63,386.18,408.27
2020-11-17 20:47:17,408.47,386.18,388.44,407.39,400.68,386.18,408.30
2020-11-17 20:48:22,408.47,386.18,388.44,407.50,400.72,386.18,408.33
2020-11-17 20:49:18,408.47,386.18,388.44,407.50,400.72,386.18,408.36
2020-11-17 20:50:19,408.47,386.18,388.44,407.74,400.80,386.18,408.39
2020-11-17 20:51:18,408.47,386.18,388.44,407.62,400.76,386.18,408.42
2020-11-17 20:52:17,408.47,386.18,388.44,407.07,400.57,386.18,408.45
2020-11-17 20:53:21,408.47,386.18,388.44,407.24,400.63,386.18,408.47
2020-11-17 20:54:15,408.47,386.18,388.44,406.54,400.40,386.18,408.47
2020-11-17 20:54:48,408.47,386.18,388.44,406.77,400.47,386.18,408.47
2020-11-17 20:55:17,408.47,386.18,388.44,406.83,400.49,386.18,408.47
2020-11-17 20:56:18,408.47,386.18,388.44,406.62,400.42,386.18,408.47
2020-11-17 20:57:16,408.47,386.18,388.44,406.77,400.47,386.18,408.47
2020-11-17 20:58:16,408.47,386.18,388.44,407.02,400.56,386.18,408.47
2020-11-17 20:59:15,408.47,386.18,388.44,406.92,400.52,386.18,408.47
2020-11-17 20:59:49,408.47,386.18,388.44,406.55,400.40,386.18,408.47
2020-11-17 21:00:48,408.47,386.18,388.44,407.66,400.77,386.18,408.47
2020-11-17 21:01:48,408.47,386.18,388.44,406.89,400.51,386.18,408.47
2020-11-17 21:02:46,408.47,386.18,388.44,406.65,400.43,386.18,408.47
2020-11-17 21:03:19,408.47,386.18,388.44,406.88,400.51,386.18,408.47
2020-11-17 21:04:19,408.47,386.18,388.44,406.64,400.43,386.18,408.47
2020-11-17 21:05:17,408.47,386.18,388.44,406.48,400.38,386.18,408.47
2020-11-17 21:06:16,408.47,386.18,388.44,406.55,400.40,386.18,408.47
2020-11-17 21:07:19,408.47,386.18,388.44,406.47,400.37,386.18,408.47
2020-11-17 21:08:16,408.47,386.18,388.44,406.48,400.38,386.18,408.47
2020-11-17 21:09:17,408.47,386.18,388.44,406.74,400.46,386.18,408.47
2020-11-17 21:10:19,408.47,386.18,388.44,406.51,400.39,386.18,408.47
2020-11-17 21:11:17,408.47,386.18,388.44,406.58,400.41,386.18,408.47
2020-11-17 21:12:19,408.47,386.18,388.44,406.80,400.48,386.18,408.47
2020-11-17 21:13:18,408.47,386.18,388.44,406.80,400.48,386.18,408.47
2020-11-17 21:14:17,408.47,386.18,388.44,407.50,400.72,386.18,408.47
2020-11-17 21:15:16,408.47,386.18,388.44,407.58,400.74,386.18,408.47
2020-11-17 21:16:17,408.47,386.18,388.44,407.66,400.77,386.18,408.47
2020-11-17 21:17:17,408.47,386.18,388.44,407.95,400.87,386.18,408.47
2020-11-17 21:18:16,408.47,386.18,388.44,408.00,400.88,386.18,408.47
2020-11-17 21:19:19,408.47,386.18,388.44,408.00,400.88,386.18,408.47
2020-11-17 21:20:17,408.47,386.18,388.44,407.88,400.84,386.18,408.47
2020-11-17 21:21:16,408.47,386.18,388.44,408.00,400.88,386.18,408.47
2020-11-17 21:22:17,408.47,386.18,388.44,407.81,400.82,386.18,408.47
2020-11-17 21:23:16,408.47,386.18,388.44,407.78,400.81,386.18,408.47
2020-11-17 21:24:21,408.47,386.18,388.44,407.64,400.76,386.18,408.47
2020-11-17 21:25:16,408.47,386.18,388.44,407.38,400.68,386.18,408.47
2020-11-17 21:25:46,408.47,386.18,388.44,407.24,400.63,386.18,408.47
2020-11-17 21:26:18,408.47,386.18,388.44,407.18,400.61,386.18,408.47
2020-11-17 21:27:19,408.47,386.18,388.44,407.22,400.62,386.18,408.47
2020-11-17 21:28:16,408.47,386.18,388.44,407.00,400.55,386.18,408.47
2020-11-17 21:29:17,408.47,386.18,388.44,406.27,400.31,386.18,408.47
2020-11-17 21:30:17,408.47,386.18,388.44,405.93,400.19,386.18,408.47
2020-11-17 21:31:19,408.47,386.18,388.44,405.77,400.14,386.18,408.47
2020-11-17 21:32:17,408.47,386.18,388.44,405.84,400.16,386.18,408.47
2020-11-17 21:33:20,408.47,386.18,388.44,406.07,400.24,386.18,408.47
2020-11-17 21:34:17,408.47,386.18,388.44,406.20,400.28,386.18,408.47
2020-11-17 21:35:16,408.47,386.18,388.44,406.01,400.22,386.18,408.47
2020-11-17 21:36:18,408.47,386.18,388.44,406.10,400.25,386.18,408.47
2020-11-17 21:37:16,408.47,386.18,388.44,406.86,400.50,386.18,408.47
2020-11-17 21:38:18,408.47,386.18,388.44,406.72,400.46,386.18,408.47
2020-11-17 21:39:18,408.47,386.18,388.44,406.70,400.45,386.18,408.47
2020-11-17 21:40:17,408.47,386.18,388.44,406.45,400.37,386.18,408.47
2020-11-17 21:41:16,408.47,386.18,388.44,406.76,400.47,386.18,408.47
2020-11-17 21:42:17,408.47,386.18,388.44,406.19,400.28,386.18,408.47
2020-11-17 21:43:17,408.47,386.18,388.44,406.20,400.28,386.18,408.47
2020-11-17 21:44:15,408.47,386.18,388.44,406.88,400.51,386.18,408.47
2020-11-17 21:44:47,408.47,386.18,388.44,406.86,400.50,386.18,408.47
2020-11-17 21:45:46,408.47,386.18,388.44,406.51,400.39,386.18,408.47
2020-11-17 21:46:17,408.47,386.18,388.44,406.50,400.38,386.18,408.47
2020-11-17 21:47:17,408.47,386.18,388.44,405.85,400.17,386.18,408.47
2020-11-17 21:47:47,408.47,386.18,388.44,405.84,400.16,386.18,408.47
2020-11-17 21:48:16,408.47,386.18,388.44,405.84,400.16,386.18,408.47
2020-11-17 21:49:16,408.47,386.18,388.44,405.55,400.07,386.18,408.47
2020-11-17 21:50:16,408.47,386.18,388.44,405.70,400.12,386.18,408.47
2020-11-17 21:51:20,408.47,386.18,388.44,406.09,400.25,386.18,408.47
2020-11-17 21:52:17,408.47,386.18,388.44,406.13,400.26,386.18,408.47
2020-11-17 21:53:20,408.47,386.18,388.44,406.18,400.28,386.18,408.47
2020-11-17 21:54:17,408.47,386.18,388.44,406.34,400.33,386.18,408.47
2020-11-17 21:55:18,408.47,386.18,388.44,406.60,400.42,386.18,408.47
2020-11-17 21:56:15,408.47,386.18,388.44,406.60,400.42,386.18,408.47
2020-11-17 21:56:46,408.47,386.18,388.44,406.55,400.40,386.18,408.47
2020-11-17 21:57:46,408.47,386.18,388.44,406.56,400.40,386.18,408.47
2020-11-17 21:58:48,408.47,386.18,388.44,406.53,400.39,386.18,408.47
2020-11-17 21:59:45,408.47,386.18,388.44,406.54,400.40,386.18,408.47
2020-11-17 22:00:18,408.47,386.18,388.44,406.54,400.40,386.18,408.47
2020-11-17 22:01:16,408.47,386.18,388.44,406.55,400.40,386.18,408.47
2020-11-17 22:02:18,408.47,386.18,388.44,405.64,400.10,386.18,408.47
2020-11-17 22:03:16,408.47,386.18,388.44,405.36,400.00,386.18,408.47
2020-11-17 22:04:17,408.47,386.18,388.44,405.57,400.07,386.18,408.47
2020-11-17 22:05:19,408.47,386.18,388.44,405.38,400.01,386.18,408.47
2020-11-17 22:06:17,408.47,386.18,388.44,405.38,400.01,386.18,408.47
2020-11-17 22:07:18,408.47,386.18,388.44,405.27,399.97,386.18,408.47
2020-11-17 22:08:16,408.47,386.18,388.44,405.49,400.05,386.18,408.47
2020-11-17 22:09:18,408.47,386.18,388.44,406.07,400.24,386.18,408.47
2020-11-17 22:10:18,408.47,386.18,388.44,406.07,400.24,386.18,408.47
2020-11-17 22:11:18,408.47,386.18,388.44,405.67,400.11,386.18,408.47
2020-11-17 22:12:17,408.47,386.18,388.44,405.65,400.10,386.18,408.47
2020-11-17 22:13:19,408.47,386.18,388.44,404.91,399.85,386.18,408.47
2020-11-17 22:14:17,408.47,386.18,388.44,404.16,399.60,386.18,408.47
2020-11-17 22:15:20,408.47,386.18,388.44,403.46,399.37,386.18,408.47
2020-11-17 22:16:17,408.47,386.18,388.44,404.39,399.68,386.18,408.47
2020-11-17 22:17:17,408.47,386.18,388.44,404.79,399.81,386.18,408.47
2020-11-17 22:18:18,408.47,386.18,388.44,404.98,399.88,386.18,408.47
2020-11-17 22:19:18,408.47,386.18,388.44,404.99,399.88,386.18,408.47
2020-11-17 22:20:19,408.47,386.18,388.44,404.68,399.78,386.18,408.47
2020-11-17 22:21:17,408.47,386.18,388.44,404.50,399.72,386.18,408.47
2020-11-17 22:22:17,408.47,386.18,388.44,404.98,399.88,386.18,408.47
2020-11-17 22:23:18,408.47,386.18,388.44,405.29,399.98,386.18,408.47
2020-11-17 22:24:18,408.47,386.18,388.44,405.41,400.02,386.18,408.47
2020-11-17 22:25:17,408.47,386.18,388.44,404.95,399.87,386.18,408.47
2020-11-17 22:26:19,408.47,386.18,388.44,404.21,399.62,386.18,408.47
2020-11-17 22:27:21,408.47,386.18,388.44,404.32,399.66,386.18,408.47
2020-11-17 22:28:17,408.47,386.18,388.44,404.00,399.55,386.18,408.47
2020-11-17 22:29:18,408.47,386.18,388.44,403.55,399.40,386.18,408.47
2020-11-17 22:30:20,408.47,386.18,388.44,404.07,399.57,386.18,408.47
2020-11-17 22:31:18,408.47,386.18,388.44,404.31,399.65,386.18,408.47
2020-11-17 22:32:18,408.47,386.18,388.44,404.51,399.72,386.18,408.47
2020-11-17 22:33:19,408.47,386.18,388.44,404.50,399.72,386.18,408.47
2020-11-17 22:34:17,408.47,386.18,388.44,404.50,399.72,386.18,408.47
2020-11-17 22:35:18,408.47,386.18,388.44,404.37,399.67,386.18,408.47
2020-11-17 22:36:17,408.47,386.18,388.44,404.12,399.59,386.18,408.47
2020-11-17 22:37:17,408.47,386.18,388.44,403.77,399.47,386.18,408.47
2020-11-17 22:38:18,408.47,386.18,388.44,404.07,399.57,386.18,408.47
2020-11-17 22:39:17,408.47,386.18,388.44,404.41,399.69,386.18,408.47
2020-11-17 22:40:16,408.47,386.18,388.44,404.17,399.61,386.18,408.47
2020-11-17 22:41:17,408.47,386.18,388.44,404.17,399.61,386.18,408.47
2020-11-17 22:42:17,408.47,386.18,388.44,404.17,399.61,386.18,408.47
2020-11-17 22:43:16,408.47,386.18,388.44,403.84,399.50,386.18,408.47
2020-11-17 22:44:18,408.47,386.18,388.44,403.37,399.34,386.18,408.47
2020-11-17 22:45:16,408.47,386.18,388.44,403.69,399.45,386.18,408.47
2020-11-17 22:46:19,408.47,386.18,388.44,403.87,399.51,386.18,408.47
2020-11-17 22:47:18,408.47,386.18,388.44,404.00,399.55,386.18,408.47
2020-11-17 22:48:19,408.47,386.18,388.44,404.02,399.56,386.18,408.47
2020-11-17 22:49:16,408.47,386.32,388.44,404.26,399.68,386.18,408.47
2020-11-17 22:50:18,408.47,386.32,388.44,404.02,399.60,386.19,408.47
2020-11-17 22:51:19,408.47,386.32,388.44,403.77,399.52,386.19,408.47
2020-11-17 22:52:18,408.47,386.32,388.44,404.00,399.60,386.20,408.47
2020-11-17 22:53:18,408.47,386.32,388.44,403.77,399.52,386.21,408.47
2020-11-17 22:54:19,408.47,386.32,388.44,403.93,399.57,386.21,408.47
2020-11-17 22:55:18,408.47,386.32,388.44,403.80,399.53,386.22,408.47
2020-11-17 22:56:15,408.47,386.32,388.44,404.49,399.76,386.23,408.47
2020-11-17 22:57:17,408.47,386.53,388.44,404.49,399.83,386.24,408.47
2020-11-17 22:58:16,408.47,386.63,388.44,404.79,399.96,386.25,408.47
2020-11-17 22:59:18,408.47,386.63,388.44,405.11,400.07,386.28,408.47
2020-11-17 23:00:19,408.47,386.63,388.44,405.00,400.03,386.30,408.47
2020-11-17 23:01:18,408.47,386.63,388.44,405.00,400.03,386.32,408.47
2020-11-17 23:02:17,408.47,386.63,388.44,404.24,399.78,386.34,408.47
2020-11-17 23:03:17,408.47,386.63,388.44,404.12,399.74,386.37,408.47
2020-11-17 23:04:16,408.47,386.63,388.44,404.12,399.74,386.39,408.47
2020-11-17 23:05:18,408.47,386.63,388.44,403.21,399.44,386.41,408.47
2020-11-17 23:06:18,408.47,386.63,388.44,402.87,399.32,386.43,408.47
2020-11-17 23:07:20,408.47,386.63,388.44,402.47,399.19,386.46,408.47
2020-11-17 23:08:18,408.47,386.63,388.44,403.51,399.54,386.48,408.47
2020-11-17 23:09:17,408.47,386.63,388.44,403.67,399.59,386.50,408.47
2020-11-17 23:10:17,408.47,386.63,388.44,403.67,399.59,386.52,408.47
2020-11-17 23:11:17,408.47,386.95,388.44,402.00,399.14,386.53,408.47
2020-11-17 23:12:17,408.47,387.09,388.44,401.67,399.08,386.56,408.47
2020-11-17 23:13:18,408.47,387.09,388.44,401.68,399.08,386.60,408.47
2020-11-17 23:14:19,408.47,387.48,388.44,402.19,399.38,386.64,408.47
2020-11-17 23:15:17,408.47,387.50,388.44,402.32,399.43,386.70,408.47
2020-11-17 23:16:16,408.47,387.70,388.44,402.68,399.62,386.76,408.47
2020-11-17 23:17:19,408.47,387.70,388.44,402.99,399.72,386.83,408.47
2020-11-17 23:18:17,408.47,387.70,388.44,403.12,399.76,386.89,408.47
2020-11-17 23:19:17,408.47,387.70,388.44,403.02,399.73,386.94,408.47
2020-11-17 23:20:18,408.47,387.70,388.44,402.40,399.52,386.99,408.47
2020-11-17 23:21:18,408.47,387.70,388.44,402.34,399.50,387.05,408.47
2020-11-17 23:22:19,408.47,387.70,388.44,402.93,399.70,387.10,408.47
2020-11-17 23:23:18,408.47,387.70,388.44,403.17,399.78,387.15,408.47
2020-11-17 23:24:16,408.47,387.70,388.44,403.00,399.72,387.21,408.47
2020-11-17 23:24:45,408.47,387.70,388.44,403.00,399.72,387.26,408.47
2020-11-17 23:25:16,408.47,387.70,388.44,402.95,399.71,387.31,408.47
2020-11-17 23:25:46,408.47,387.70,388.44,403.15,399.77,387.37,408.47
2020-11-17 23:26:16,408.47,387.70,388.44,403.20,399.79,387.42,408.47
2020-11-17 23:26:45,408.47,387.70,388.44,403.34,399.84,387.47,408.47
2020-11-17 23:27:16,408.47,387.70,388.44,403.40,399.86,387.53,408.47
2020-11-17 23:27:46,408.47,387.70,388.44,403.42,399.86,387.58,408.47
2020-11-17 23:28:15,408.47,387.70,388.44,403.32,399.83,387.62,408.47
2020-11-17 23:28:45,408.47,387.70,388.44,403.32,399.83,387.65,408.47
2020-11-17 23:29:16,408.47,387.70,388.44,403.52,399.90,387.68,408.47
2020-11-17 23:29:46,408.47,387.70,388.44,403.73,399.97,387.69,408.47
2020-11-17 23:30:16,408.47,387.91,388.44,403.73,400.04,387.70,408.47
2020-11-17 23:30:46,408.47,387.98,388.44,403.58,400.01,387.71,408.47
2020-11-17 23:31:16,408.47,387.98,388.44,403.51,399.99,387.72,408.47
2020-11-17 23:31:46,408.47,387.99,388.44,403.51,399.99,387.74,408.47
2020-11-17 23:32:16,408.47,387.99,388.44,403.51,399.99,387.75,408.47
2020-11-17 23:32:46,408.47,387.99,388.44,403.63,400.03,387.77,408.47
2020-11-17 23:33:15,408.47,388.00,388.44,403.70,400.06,387.78,408.47
2020-11-17 23:33:46,408.47,388.28,388.44,403.70,400.15,387.80,408.47
2020-11-17 23:34:15,408.47,388.28,388.44,403.70,400.15,387.83,408.47
2020-11-17 23:34:45,408.47,388.28,388.44,404.14,400.30,387.85,408.47
2020-11-17 23:35:16,408.47,388.28,388.44,403.80,400.18,387.88,408.47
2020-11-17 23:35:46,408.47,388.28,388.44,404.08,400.28,387.91,408.47
2020-11-17 23:36:16,408.47,388.28,388.44,404.31,400.35,387.94,408.47
2020-11-17 23:36:46,408.47,388.28,388.44,404.48,400.41,387.97,408.47
2020-11-17 23:37:15,408.47,388.28,388.44,404.56,400.44,388.00,408.47
2020-11-17 23:37:46,408.47,388.28,388.44,404.57,400.44,388.03,408.47
2020-11-17 23:38:17,408.47,388.28,388.44,404.53,400.43,388.06,408.47
2020-11-17 23:39:17,408.47,388.28,388.44,404.84,400.53,388.09,408.47
2020-11-17 23:39:49,408.47,388.28,388.44,404.65,400.47,388.12,408.47
2020-11-17 23:40:45,408.47,388.28,388.44,404.86,400.54,388.14,408.47
2020-11-17 23:41:16,408.47,388.28,388.44,404.87,400.54,388.17,408.47
2020-11-17 23:41:45,408.47,388.28,388.44,404.87,400.54,388.19,408.47
2020-11-17 23:42:16,408.47,388.28,388.44,405.00,400.58,388.21,408.47
2020-11-17 23:42:46,408.47,388.28,388.44,405.00,400.58,388.22,408.47
2020-11-17 23:43:16,408.47,388.28,388.44,404.99,400.58,388.24,408.47
2020-11-17 23:44:18,408.47,388.28,388.44,405.00,400.58,388.25,408.47
2020-11-17 23:45:17,408.47,388.28,388.44,405.10,400.62,388.27,408.47
2020-11-17 23:46:20,408.47,388.28,388.44,405.35,400.70,388.28,408.47
2020-11-17 23:47:17,408.47,388.28,388.44,405.01,400.59,388.28,408.47
2020-11-17 23:48:16,408.47,388.28,388.44,404.64,400.46,388.28,408.47
2020-11-17 23:49:16,408.47,388.28,388.44,404.52,400.42,388.28,408.47
2020-11-17 23:50:18,408.47,388.28,388.44,404.65,400.47,388.28,408.47
2020-11-17 23:51:16,408.47,388.28,388.44,404.94,400.56,388.28,408.47
2020-11-17 23:52:17,408.47,388.28,388.44,405.00,400.58,388.28,408.47
2020-11-17 23:53:16,408.47,388.28,388.44,405.00,400.58,388.28,408.47
2020-11-17 23:54:17,408.47,388.28,388.44,405.00,400.58,388.28,408.47
2020-11-17 23:55:16,408.47,388.28,388.44,405.00,400.58,388.28,408.47
2020-11-17 23:56:18,408.47,388.28,388.44,404.59,400.45,388.28,408.47
2020-11-17 23:57:19,408.47,388.28,388.44,404.69,400.48,388.28,408.47
2020-11-17 23:58:16,408.47,388.28,388.44,404.68,400.48,388.28,408.47
2020-11-17 23:59:16,408.47,388.28,388.44,404.80,400.52,388.28,408.47
2020-11-17 23:59:46,408.47,388.28,388.44,404.80,400.52,388.28,408.47
2020-11-18 00:00:17,408.47,388.28,388.44,404.81,400.52,388.28,408.47
2020-11-18 00:01:19,408.47,388.28,388.44,405.19,400.65,388.28,408.47
2020-11-18 00:02:18,408.47,388.28,388.44,405.18,400.64,388.28,408.47
2020-11-18 00:03:19,408.47,388.28,388.44,405.19,400.65,388.28,408.47
2020-11-18 00:04:18,408.47,388.28,388.44,405.19,400.65,388.28,408.47
2020-11-18 00:05:18,408.47,388.28,388.44,405.19,400.65,388.28,408.47
2020-11-18 00:05:47,408.47,388.28,388.44,405.18,400.64,388.28,408.47
2020-11-18 00:06:17,408.47,388.28,388.44,405.18,400.64,388.28,408.47
2020-11-18 00:06:47,408.47,388.28,388.44,405.35,400.70,388.28,408.47
2020-11-18 00:07:16,408.47,388.28,388.44,405.35,400.70,388.28,408.47
2020-11-18 00:07:47,408.47,388.28,388.44,405.66,400.80,388.28,408.47
2020-11-18 00:09:24,408.47,388.28,388.44,406.37,401.04,388.28,408.47,400.60
2020-11-18 00:10:13,408.47,388.28,388.44,406.37,401.04,388.28,408.47,400.62
2020-11-18 00:11:11,408.47,388.28,388.44,406.37,401.04,388.28,408.47,400.65
2020-11-18 00:12:11,408.47,388.28,388.44,406.36,401.04,388.28,408.47,400.67
2020-11-18 00:13:12,408.47,388.28,388.44,406.37,401.04,388.28,408.47,400.69
2020-11-18 00:14:12,408.47,388.28,388.44,406.00,400.92,388.28,408.47,400.72
2020-11-18 00:15:12,408.47,388.28,388.44,406.09,400.95,388.28,408.47,400.74
2020-11-18 00:16:11,408.47,388.28,388.44,406.00,400.92,388.28,408.47,400.77
2020-11-18 00:17:13,408.47,388.28,388.44,405.92,400.89,388.28,408.47,400.79
2020-11-18 00:18:12,408.47,388.28,388.44,405.71,400.82,388.28,408.47,400.81
2020-11-18 00:19:12,408.47,388.28,388.44,406.11,400.95,388.28,408.47,400.82
2020-11-18 00:20:13,408.47,388.28,388.44,406.08,400.94,388.28,408.47,400.84
2020-11-18 00:21:10,408.47,388.28,388.44,405.66,400.80,388.28,408.47,400.85
2020-11-18 00:22:12,408.47,388.28,388.44,405.49,400.75,388.28,408.47,400.86
2020-11-18 00:23:12,408.47,388.28,388.44,405.46,400.74,388.28,408.47,400.86
2020-11-18 00:24:11,408.47,388.28,388.44,405.33,400.69,388.28,408.47,400.87
2020-11-18 00:25:10,408.47,388.28,388.44,405.23,400.66,388.28,408.47,400.87
2020-11-18 00:26:10,408.47,388.28,388.44,405.49,400.75,388.28,408.47,400.87
2020-11-18 00:26:44,408.47,388.28,388.44,405.14,400.63,388.28,408.47,400.87
2020-11-18 00:27:41,408.47,388.28,388.44,405.50,400.75,388.28,408.47,400.87
2020-11-18 00:28:11,408.47,388.28,388.44,405.61,400.79,388.28,408.47,400.87
2020-11-18 00:29:11,408.47,388.28,388.44,405.61,400.79,388.28,408.47,400.85
2020-11-18 00:30:11,408.47,388.28,388.44,405.78,400.84,388.28,408.47,400.84
2020-11-18 00:31:12,408.47,388.28,388.44,405.93,400.89,388.28,408.47,400.83
2020-11-18 00:32:13,408.47,388.28,388.44,406.00,400.92,388.28,408.47,400.83
2020-11-18 00:33:11,408.47,388.28,388.44,406.50,401.08,388.28,408.47,400.82
2020-11-18 00:34:11,408.47,388.28,388.44,406.55,401.10,388.28,408.47,400.83
2020-11-18 00:34:42,408.47,388.28,388.44,406.80,401.18,388.28,408.47,400.83
2020-11-18 00:35:42,408.47,388.28,388.44,406.80,401.18,388.28,408.47,400.85
2020-11-18 00:36:42,408.47,388.28,388.44,406.29,401.01,388.28,408.47,400.86
2020-11-18 00:37:12,408.47,388.28,388.44,406.30,401.02,388.28,408.47,400.87
2020-11-18 00:38:10,408.47,388.28,388.44,406.76,401.17,388.28,408.47,400.88
2020-11-18 00:39:12,408.47,388.28,388.44,406.71,401.15,388.28,408.47,400.89
2020-11-18 00:40:11,408.47,388.28,388.44,406.65,401.13,388.28,408.47,400.90
2020-11-18 00:41:11,408.47,388.28,388.44,406.66,401.14,388.28,408.47,400.92
2020-11-18 00:42:11,408.47,388.28,388.44,406.60,401.12,388.28,408.47,400.94
2020-11-18 00:43:00,408.47,388.28,388.44,406.61,401.12,388.28,408.47,400.97
2020-11-18 00:43:31,408.47,388.28,388.44,406.69,401.15,388.28,408.47,400.99
2020-11-18 00:44:03,408.47,388.28,388.44,406.69,401.15,388.28,408.47,401.01
2020-11-18 00:45:01,408.47,388.28,388.44,406.64,401.13,388.28,408.47,401.03
2020-11-18 00:46:00,408.47,388.28,388.44,406.61,401.12,388.28,408.47,401.05
2020-11-18 00:46:32,408.47,388.28,388.44,406.73,401.16,388.28,408.47,401.07
2020-11-18 00:47:27,408.47,388.28,388.44,406.66,401.14,388.28,408.47,401.09
2020-11-18 00:48:26,408.47,388.28,388.44,406.61,401.12,388.28,408.47,401.10
2020-11-18 00:49:26,408.47,388.28,388.44,406.60,401.12,388.28,408.47,401.11
2020-11-18 00:50:28,408.47,388.28,388.44,406.61,401.12,388.28,408.47,401.12
2020-11-18 00:51:26,408.47,388.28,388.44,406.60,401.12,388.28,408.47,401.13
2020-11-18 00:52:27,408.47,388.28,388.44,406.66,401.14,388.28,408.47,401.13
2020-11-18 00:53:27,408.47,388.28,388.44,406.82,401.19,388.28,408.47,401.12
2020-11-18 00:54:27,408.47,388.28,388.44,406.82,401.19,388.28,408.47,401.12
2020-11-18 00:55:30,408.47,388.28,388.44,406.60,401.12,388.28,408.47,401.13
2020-11-18 00:56:26,408.47,388.28,388.44,406.21,400.99,388.28,408.47,401.14
2020-11-18 00:57:27,408.47,388.28,388.44,406.20,400.98,388.28,408.47,401.13
2020-11-18 00:58:28,408.47,388.28,388.44,406.20,400.98,388.28,408.47,401.12
2020-11-18 00:59:27,408.47,388.28,388.44,406.44,401.06,388.28,408.47,401.11
2020-11-18 00:59:55,408.47,388.28,388.44,406.44,401.06,388.28,408.47,401.11
2020-11-18 01:00:27,408.47,388.28,406.26,406.21,400.99,388.28,408.47,401.11
2020-11-18 01:01:27,408.47,388.28,406.26,406.33,401.03,388.28,408.47,401.10
2020-11-18 01:02:27,408.47,388.41,406.26,406.82,401.23,388.28,408.47,401.09
2020-11-18 01:03:26,408.47,389.08,406.26,406.82,401.46,388.29,408.47,401.10
2020-11-18 01:04:26,408.47,389.35,406.26,407.50,401.77,388.33,408.47,401.12
2020-11-18 01:04:57,408.47,389.35,406.26,407.48,401.77,388.38,408.47,401.15
2020-11-18 01:05:57,408.47,389.35,406.26,407.42,401.75,388.43,408.47,401.18
2020-11-18 01:06:56,408.47,389.35,406.26,407.80,401.87,388.49,408.47,401.21
2020-11-18 01:07:55,408.47,389.35,406.26,407.73,401.85,388.54,408.47,401.25
2020-11-18 01:08:28,408.47,389.35,406.26,407.73,401.85,388.59,408.47,401.28
2020-11-18 01:09:27,408.47,389.35,406.26,408.44,402.09,388.65,408.47,401.32
2020-11-18 01:10:27,408.85,389.35,406.26,408.35,402.18,388.70,408.47,401.37
2020-11-18 01:11:25,409.00,389.35,406.26,409.00,402.45,388.75,408.49,401.42
2020-11-18 01:12:26,409.00,389.35,406.26,408.81,402.39,388.81,408.52,401.48
2020-11-18 01:13:25,409.76,389.35,406.26,409.75,402.95,388.86,408.54,401.54
2020-11-18 01:14:28,410.00,389.35,406.26,410.00,403.12,388.92,408.61,401.64
2020-11-18 01:15:27,410.00,389.35,406.26,409.95,403.10,388.97,408.68,401.74
2020-11-18 01:16:26,410.00,389.35,406.26,409.22,402.86,389.02,408.76,401.85
2020-11-18 01:17:26,410.00,389.35,406.26,408.78,402.71,389.08,408.84,401.94
2020-11-18 01:18:26,410.00,389.35,406.26,409.44,402.93,389.13,408.91,402.02
2020-11-18 01:19:25,410.00,389.35,406.26,409.99,403.11,389.18,408.99,402.12
2020-11-18 01:19:57,410.00,389.35,406.26,409.90,403.08,389.24,409.07,402.22
2020-11-18 01:20:56,410.00,389.35,406.26,410.00,403.12,389.29,409.14,402.33
2020-11-18 01:21:27,410.00,389.35,406.26,410.00,403.12,389.34,409.22,402.42
2020-11-18 01:21:48,410.00,389.35,406.26,410.00,403.12,389.35,409.29,402.50
2020-11-18 01:22:22,410.90,389.35,406.26,410.04,403.43,389.35,409.37,402.57
2020-11-18 08:29:16,415.00,385.62,406.26,396.70,399.11,389.35,409.49,402.65
2020-11-18 08:30:18,415.00,385.62,406.26,396.72,399.11,389.16,409.82,402.52
2020-11-18 08:31:17,415.00,385.62,406.26,397.65,399.42,388.98,410.15,402.38
2020-11-18 08:32:17,415.00,385.62,406.26,398.11,399.58,388.79,410.47,402.26
2020-11-18 08:33:17,415.00,385.62,406.26,398.25,399.62,388.60,410.80,402.15
2020-11-18 08:34:17,415.00,385.62,406.26,398.76,399.79,388.42,411.13,402.03
2020-11-18 08:35:16,415.00,385.62,406.26,398.95,399.86,388.23,411.43,401.91
2020-11-18 08:36:20,415.00,385.62,406.26,398.75,399.79,388.04,411.73,401.78
2020-11-18 08:37:17,415.00,385.62,406.26,398.21,399.61,387.86,412.03,401.65
2020-11-18 08:38:22,415.00,385.62,406.26,398.37,399.66,387.67,412.29,401.48
2020-11-18 08:39:21,415.00,385.62,406.26,398.22,399.61,387.48,412.54,401.31
2020-11-18 08:40:19,415.00,385.62,406.26,398.21,399.61,387.30,412.79,401.13
2020-11-18 08:41:22,415.00,385.62,406.26,398.20,399.61,387.11,413.04,400.97
2020-11-18 08:42:20,415.00,385.62,406.26,398.23,399.62,386.93,413.29,400.81
2020-11-18 08:43:17,415.00,385.62,406.26,397.84,399.49,386.74,413.54,400.65
2020-11-18 08:44:17,415.00,385.62,406.26,398.07,399.56,386.55,413.79,400.47
2020-11-18 08:45:17,415.00,385.62,406.26,398.07,399.56,386.37,414.04,400.29
2020-11-18 08:46:18,415.00,385.62,406.26,398.52,399.71,386.18,414.29,400.11
2020-11-18 08:47:16,415.00,385.62,406.26,398.97,399.86,385.99,414.54,399.94
2020-11-18 08:48:16,415.00,385.62,406.26,398.88,399.83,385.81,414.79,399.78
2020-11-18 08:49:19,415.00,385.62,406.26,399.53,400.05,385.62,415.00,399.60
2020-11-18 08:50:18,415.00,385.62,406.26,399.88,400.17,385.62,415.00,399.65
2020-11-18 08:51:17,415.00,385.62,406.26,399.22,399.95,385.62,415.00,399.70
2020-11-18 08:51:47,415.00,385.62,406.26,399.33,399.98,385.62,415.00,399.73
2020-11-18 08:52:45,415.00,385.62,406.26,399.99,400.20,385.62,415.00,399.75
2020-11-18 08:53:48,415.00,385.62,406.26,400.00,400.21,385.62,415.00,399.78
2020-11-18 08:54:48,415.00,385.62,406.26,400.40,400.34,385.62,415.00,399.80
2020-11-18 08:55:47,415.00,385.62,406.26,400.88,400.50,385.62,415.00,399.82
2020-11-18 08:56:46,415.00,385.62,406.26,400.11,400.24,385.62,415.00,399.86
2020-11-18 08:57:23,415.00,385.62,406.26,400.42,400.35,385.62,415.00,399.89
2020-11-18 08:58:18,415.00,385.62,406.26,400.62,400.41,385.62,415.00,399.92
2020-11-18 08:59:18,415.00,385.62,406.26,401.80,400.81,385.62,415.00,399.96
2020-11-18 09:00:17,415.00,385.62,406.26,401.69,400.77,385.62,415.00,400.02
2020-11-18 09:01:18,415.00,385.62,406.26,402.35,400.99,385.62,415.00,400.08
2020-11-18 09:02:18,415.00,385.62,406.26,402.40,401.01,385.62,415.00,400.15
2020-11-18 09:03:16,415.00,385.62,406.26,403.34,401.32,385.62,415.00,400.23
2020-11-18 09:04:18,415.00,385.62,406.26,403.39,401.34,385.62,415.00,400.31
2020-11-18 09:05:17,415.00,385.62,406.26,403.41,401.34,385.62,415.00,400.40
2020-11-18 09:06:17,415.00,385.62,406.26,403.39,401.34,385.62,415.00,400.48
2020-11-18 09:07:16,415.00,385.62,406.26,403.55,401.39,385.62,415.00,400.56
2020-11-18 09:08:20,415.00,385.62,406.26,404.01,401.54,385.62,415.00,400.63
2020-11-18 09:09:16,415.00,385.62,406.26,403.69,401.44,385.62,415.00,400.71
2020-11-18 09:10:21,415.00,385.62,406.26,404.50,401.71,385.62,415.00,400.77
2020-11-18 09:11:26,415.00,385.62,406.26,405.39,402.00,385.62,415.00,400.86
2020-11-18 09:12:19,415.00,385.62,406.26,405.29,401.97,385.62,415.00,400.96
2020-11-18 09:13:21,415.00,385.62,406.26,404.78,401.80,385.62,415.00,401.05
2020-11-18 09:14:16,415.00,385.62,406.26,403.97,401.53,385.62,415.00,401.13
2020-11-18 09:15:17,415.00,385.62,406.26,404.18,401.60,385.62,415.00,401.19
2020-11-18 09:16:18,415.00,385.62,406.26,404.65,401.76,385.62,415.00,401.24
2020-11-18 09:17:20,415.00,385.62,406.26,405.30,401.97,385.62,415.00,401.32
2020-11-18 09:18:18,415.00,385.62,406.26,404.76,401.79,385.62,415.00,401.40
2020-11-18 09:19:18,415.00,385.62,406.26,404.47,401.70,385.62,415.00,401.47
2020-11-18 09:20:18,415.00,385.62,406.26,404.31,401.64,385.62,415.00,401.52
2020-11-18 09:21:17,415.00,385.62,406.26,404.03,401.55,385.62,415.00,401.56
2020-11-18 09:22:19,415.00,385.62,406.26,404.05,401.56,385.62,415.00,401.59
2020-11-18 09:23:16,415.00,385.62,406.26,403.58,401.40,385.62,415.00,401.61
2020-11-18 09:24:22,415.00,385.62,406.26,404.28,401.63,385.62,415.00,401.62
2020-11-18 09:25:17,415.00,385.62,406.26,403.68,401.43,385.62,415.00,401.63
2020-11-18 09:26:23,415.00,385.62,406.26,403.70,401.44,385.62,415.00,401.64
2020-11-18 09:27:25,415.00,385.62,406.26,404.00,401.54,385.62,415.00,401.64
2020-11-18 09:28:18,415.00,385.62,406.26,403.98,401.53,385.62,415.00,401.65
2020-11-18 09:29:21,415.00,385.62,406.26,403.70,401.44,385.62,415.00,401.65
2020-11-18 09:30:15,415.00,385.62,406.26,403.49,401.37,385.62,415.00,401.65
2020-11-18 09:30:50,415.00,385.62,406.26,403.32,401.31,385.62,415.00,401.63
2020-11-18 09:31:50,415.00,385.62,406.26,403.30,401.31,385.62,415.00,401.60
2020-11-18 09:32:51,415.00,385.62,406.26,403.30,401.31,385.62,415.00,401.57
2020-11-18 09:33:49,415.00,385.62,406.26,403.50,401.37,385.62,415.00,401.54
2020-11-18 09:34:53,415.00,385.62,406.26,403.50,401.37,385.62,415.00,401.53
2020-11-18 09:35:49,415.00,385.62,406.26,403.82,401.48,385.62,415.00,401.52
2020-11-18 09:36:49,415.00,385.62,406.26,403.90,401.51,385.62,415.00,401.51
2020-11-18 09:37:48,415.00,385.62,406.26,403.50,401.37,385.62,415.00,401.48
2020-11-18 09:38:47,415.00,385.62,406.26,403.50,401.37,385.62,415.00,401.46
2020-11-18 09:39:48,415.00,385.62,406.26,403.68,401.43,385.62,415.00,401.45
2020-11-18 09:40:48,415.00,385.62,406.26,403.99,401.54,385.62,415.00,401.44
2020-11-18 09:41:48,415.00,385.62,406.26,403.75,401.46,385.62,415.00,401.44
2020-11-18 09:42:49,415.00,385.62,406.26,404.08,401.57,385.62,415.00,401.43
2020-11-18 09:43:49,415.00,385.62,406.26,404.68,401.77,385.62,415.00,401.44
2020-11-18 09:44:46,415.00,385.62,406.26,404.62,401.75,385.62,415.00,401.45
2020-11-18 09:45:47,415.00,385.62,406.26,404.63,401.75,385.62,415.00,401.46
2020-11-18 09:46:47,415.00,385.62,406.26,404.24,401.62,385.62,415.00,401.48
2020-11-18 09:47:17,415.00,385.62,406.26,404.00,401.54,385.62,415.00,401.48
2020-11-18 09:48:20,415.00,385.62,406.26,404.13,401.58,385.62,415.00,401.48
2020-11-18 09:49:17,415.00,385.62,406.26,404.03,401.55,385.62,415.00,401.49
2020-11-18 09:50:17,415.00,385.62,406.26,404.01,401.54,385.62,415.00,401.50
2020-11-18 09:50:49,415.00,385.62,406.26,404.06,401.56,385.62,415.00,401.51
2020-11-18 09:51:48,415.00,385.62,406.26,403.63,401.42,385.62,415.00,401.52
2020-11-18 09:52:49,415.00,385.62,406.26,404.45,401.69,385.62,415.00,401.53
2020-11-18 09:53:50,415.00,385.62,406.26,404.37,401.66,385.62,415.00,401.54
2020-11-18 09:54:45,415.00,385.62,406.26,404.04,401.55,385.62,415.00,401.56
2020-11-18 09:55:44,415.00,385.62,406.26,404.02,401.55,385.62,415.00,401.56
2020-11-18 09:56:20,415.00,385.62,406.26,403.94,401.52,385.62,415.00,401.56
2020-11-18 09:57:16,415.00,385.62,406.26,403.67,401.43,385.62,415.00,401.57
2020-11-18 09:58:20,415.00,385.62,406.26,403.85,401.49,385.62,415.00,401.57
2020-11-18 09:59:19,415.00,385.62,406.26,404.31,401.64,385.62,415.00,401.58
2020-11-18 10:00:24,415.00,385.62,406.26,404.22,401.61,385.62,415.00,401.58
2020-11-18 10:01:20,415.00,385.62,406.26,403.92,401.51,385.62,415.00,401.59
2020-11-18 10:02:19,415.00,385.62,406.26,403.68,401.43,385.62,415.00,401.59
2020-11-18 10:03:17,415.00,385.62,406.26,404.19,401.60,385.62,415.00,401.57
2020-11-18 10:04:17,415.00,385.62,406.26,403.72,401.45,385.62,415.00,401.56
2020-11-18 10:05:17,415.00,385.62,406.26,403.50,401.37,385.62,415.00,401.55
2020-11-18 10:06:17,415.00,385.62,406.26,403.50,401.37,385.62,415.00,401.54
2020-11-18 10:07:18,415.00,385.62,406.26,403.41,401.34,385.62,415.00,401.53
2020-11-18 10:08:20,415.00,385.62,406.26,402.99,401.20,385.62,415.00,401.52
2020-11-18 10:09:19,415.00,385.62,406.26,402.80,401.14,385.62,415.00,401.50
2020-11-18 10:10:17,415.00,385.62,406.26,401.41,400.68,385.62,415.00,401.48
2020-11-18 10:11:17,415.00,385.62,406.26,401.01,400.54,385.62,415.00,401.43
2020-11-18 10:11:46,415.00,385.62,406.26,401.20,400.61,385.62,415.00,401.39
2020-11-18 10:12:47,415.00,385.62,406.26,401.35,400.66,385.62,415.00,401.34
2020-11-18 10:13:46,415.00,385.62,406.26,401.36,400.66,385.62,415.00,401.29
2020-11-18 10:14:22,415.00,385.62,406.26,402.09,400.90,385.62,415.00,401.24
2020-11-18 10:15:23,415.00,385.62,406.26,402.20,400.94,385.62,415.00,401.21
2020-11-18 10:16:23,415.00,385.62,406.26,402.65,401.09,385.62,415.00,401.18
2020-11-18 10:17:21,415.00,385.62,406.26,402.51,401.04,385.62,415.00,401.16
2020-11-18 10:18:19,415.00,385.62,406.26,402.81,401.14,385.62,415.00,401.14
2020-11-18 10:19:16,415.00,385.62,406.26,402.64,401.09,385.62,415.00,401.12
2020-11-18 10:20:17,415.00,385.62,406.26,402.60,401.07,385.62,415.00,401.09
2020-11-18 10:21:17,415.00,385.62,406.26,402.50,401.04,385.62,415.00,401.07
2020-11-18 10:22:17,415.00,385.62,406.26,401.86,400.83,385.62,415.00,401.05
2020-11-18 10:23:17,415.00,385.62,406.26,401.88,400.83,385.62,415.00,401.01
2020-11-18 10:24:17,415.00,385.62,406.26,401.75,400.79,385.62,415.00,400.98
2020-11-18 10:25:16,415.00,385.62,406.26,401.48,400.70,385.62,415.00,400.95
2020-11-18 10:26:17,415.00,385.62,406.26,400.89,400.50,385.62,415.00,400.92
2020-11-18 10:27:20,415.00,385.62,406.26,401.43,400.68,385.62,415.00,400.87
2020-11-18 10:28:19,415.00,385.62,406.26,401.86,400.83,385.62,415.00,400.85
2020-11-18 10:29:18,415.00,385.62,406.26,400.76,400.46,385.62,415.00,400.83
2020-11-18 10:30:16,415.00,385.62,406.26,399.69,400.10,385.62,415.00,400.82
2020-11-18 10:31:22,415.00,385.62,406.26,400.40,400.34,385.62,415.00,400.80
2020-11-18 10:32:22,415.00,385.62,406.26,401.87,400.83,385.62,415.00,400.79
2020-11-18 10:33:21,415.00,385.62,406.26,401.87,400.83,385.62,415.00,400.79
2020-11-18 10:34:19,415.00,385.62,406.26,401.21,400.61,385.62,415.00,400.80
2020-11-18 10:35:17,415.00,385.62,406.26,400.99,400.54,385.62,415.00,400.79
2020-11-18 10:36:18,415.00,385.62,406.26,401.05,400.56,385.62,415.00,400.77
2020-11-18 10:37:20,415.00,385.62,406.26,400.66,400.43,385.62,415.00,400.74
2020-11-18 10:38:17,415.00,385.62,406.26,400.36,400.33,385.62,415.00,400.71
2020-11-18 10:39:19,415.00,385.62,406.26,400.00,400.21,385.62,415.00,400.67
2020-11-18 10:40:18,415.00,385.62,406.26,399.71,400.11,385.62,415.00,400.63
2020-11-18 10:41:18,415.00,385.62,406.26,399.60,400.07,385.62,415.00,400.58
2020-11-18 10:42:18,415.00,385.62,406.26,399.32,399.98,385.62,415.00,400.53
2020-11-18 10:43:19,415.00,385.62,406.26,400.29,400.30,385.62,415.00,400.49
2020-11-18 10:44:19,415.00,385.62,406.26,399.64,400.09,385.62,415.00,400.46
2020-11-18 10:45:18,415.00,385.62,406.26,399.05,399.89,385.62,415.00,400.42
2020-11-18 10:46:20,415.00,385.62,406.26,400.20,400.27,385.62,415.00,400.38
2020-11-18 10:47:21,415.00,385.62,406.26,401.21,400.61,385.62,415.00,400.37
2020-11-18 10:48:21,415.00,385.62,406.26,400.94,400.52,385.62,415.00,400.37
2020-11-18 10:49:20,415.00,385.62,406.26,400.81,400.48,385.62,415.00,400.35
2020-11-18 10:50:17,415.00,385.62,406.26,400.77,400.46,385.62,415.00,400.35
2020-11-18 10:51:18,415.00,385.62,406.26,400.85,400.49,385.62,415.00,400.37
2020-11-18 10:52:18,415.00,385.62,406.26,400.72,400.45,385.62,415.00,400.38
2020-11-18 10:53:20,415.00,385.62,406.26,400.80,400.47,385.62,415.00,400.36
2020-11-18 10:54:16,415.00,385.62,406.26,400.78,400.47,385.62,415.00,400.34
2020-11-18 10:55:21,415.00,385.62,406.26,400.89,400.50,385.62,415.00,400.34
2020-11-18 10:56:17,415.00,385.62,406.26,401.63,400.75,385.62,415.00,400.33
2020-11-18 10:56:46,415.00,385.62,406.26,401.34,400.65,385.62,415.00,400.34
2020-11-18 10:57:16,415.00,385.62,406.26,401.04,400.55,385.62,415.00,400.36
2020-11-18 10:57:46,415.00,385.62,406.26,401.12,400.58,385.62,415.00,400.37
2020-11-18 10:58:46,415.00,385.62,406.26,401.30,400.64,385.62,415.00,400.39
2020-11-18 10:59:48,415.00,385.62,406.26,401.74,400.79,385.62,415.00,400.41
2020-11-18 11:00:45,415.00,385.62,406.26,401.12,400.58,385.62,415.00,400.45
2020-11-18 11:01:17,415.00,385.62,406.26,401.12,400.58,385.62,415.00,400.48
2020-11-18 11:01:45,415.00,385.62,406.26,401.12,400.58,385.62,415.00,400.49
2020-11-18 11:02:48,415.00,385.62,406.26,400.33,400.32,385.62,415.00,400.52
2020-11-18 11:03:48,415.00,385.62,406.26,400.07,400.23,385.62,415.00,400.54
2020-11-18 11:04:45,415.00,385.62,406.26,400.85,400.49,385.62,415.00,400.53
2020-11-18 11:05:18,415.00,385.62,406.26,400.64,400.42,385.62,415.00,400.53
2020-11-18 11:06:19,415.00,385.62,406.26,400.82,400.48,385.62,415.00,400.52
2020-11-18 11:07:16,415.00,385.62,406.26,400.88,400.50,385.62,415.00,400.52
2020-11-18 11:08:17,415.00,385.62,406.26,401.20,400.61,385.62,415.00,400.53
2020-11-18 11:09:17,415.00,385.62,406.26,400.85,400.49,385.62,415.00,400.53
2020-11-18 11:09:47,415.00,385.62,406.26,400.87,400.50,385.62,415.00,400.53
2020-11-18 11:10:16,415.00,385.62,406.26,401.02,400.55,385.62,415.00,400.54
2020-11-18 11:11:16,415.00,385.62,406.26,400.84,400.49,385.62,415.00,400.54
2020-11-18 11:12:16,415.00,385.62,406.26,400.69,400.44,385.62,415.00,400.54
2020-11-18 11:13:16,415.00,385.62,406.26,401.01,400.54,385.62,415.00,400.52
2020-11-18 11:14:17,415.00,385.62,406.26,401.80,400.81,385.62,415.00,400.52
2020-11-18 11:15:17,415.00,385.62,406.26,401.76,400.79,385.62,415.00,400.53
2020-11-18 11:16:16,415.00,385.62,406.26,401.39,400.67,385.62,415.00,400.54
2020-11-18 11:17:15,415.00,385.62,406.26,401.32,400.65,385.62,415.00,400.54
2020-11-18 11:18:17,415.00,385.62,406.26,401.80,400.81,385.62,415.00,400.53
2020-11-18 11:19:23,415.00,385.62,406.26,401.63,400.75,385.62,415.00,400.55
2020-11-18 11:20:18,415.00,385.62,406.26,401.80,400.81,385.62,415.00,400.55
2020-11-18 11:21:23,415.00,385.62,406.26,401.80,400.81,385.62,415.00,400.57
2020-11-18 11:22:18,415.00,385.62,406.26,401.58,400.73,385.62,415.00,400.59
2020-11-18 11:23:18,415.00,385.62,406.26,401.56,400.73,385.62,415.00,400.62
2020-11-18 11:24:17,415.00,385.62,406.26,401.80,400.81,385.62,415.00,400.63
2020-11-18 11:25:18,415.00,385.62,406.26,401.76,400.79,385.62,415.00,400.65
2020-11-18 11:26:18,415.00,385.62,406.26,401.99,400.87,385.62,415.00,400.66
2020-11-18 11:27:16,415.00,385.62,406.26,402.97,401.20,385.62,415.00,400.68
2020-11-18 11:28:17,415.00,385.62,406.26,402.50,401.04,385.62,415.00,400.71
2020-11-18 11:29:20,415.00,385.62,406.26,403.00,401.21,385.62,415.00,400.74
2020-11-18 11:30:19,415.00,385.62,406.26,403.06,401.23,385.62,415.00,400.77
2020-11-18 11:31:19,415.00,385.62,406.26,403.01,401.21,385.62,415.00,400.81
2020-11-18 11:32:18,415.00,385.62,406.26,402.79,401.14,385.62,415.00,400.84
2020-11-18 11:33:17,415.00,385.62,406.26,403.41,401.34,385.62,415.00,400.88
2020-11-18 11:34:18,415.00,385.62,406.26,403.46,401.36,385.62,415.00,400.92
2020-11-18 11:35:22,415.00,385.62,406.26,403.71,401.44,385.62,415.00,400.95
2020-11-18 11:36:24,415.00,385.62,406.26,403.75,401.46,385.62,415.00,400.98
2020-11-18 11:37:23,415.00,385.62,406.26,403.93,401.52,385.62,415.00,401.02
2020-11-18 11:38:19,415.00,385.62,406.26,403.92,401.51,385.62,415.00,401.06
2020-11-18 11:39:18,415.00,385.62,406.26,403.98,401.53,385.62,415.00,401.10
2020-11-18 11:40:17,415.00,385.62,406.26,403.90,401.51,385.62,415.00,401.14
2020-11-18 11:41:16,415.00,385.62,406.26,403.91,401.51,385.62,415.00,401.17
2020-11-18 11:42:17,415.00,385.62,406.26,403.24,401.29,385.62,415.00,401.21
2020-11-18 11:43:17,415.00,385.62,406.26,403.39,401.34,385.62,415.00,401.23
2020-11-18 11:44:17,415.00,385.62,406.26,403.28,401.30,385.62,415.00,401.26
2020-11-18 11:45:16,415.00,385.62,406.26,403.35,401.32,385.62,415.00,401.29
2020-11-18 11:45:52,415.00,385.62,406.26,403.13,401.25,385.62,415.00,401.32
2020-11-18 11:46:47,415.00,385.62,406.26,403.15,401.26,385.62,415.00,401.33
2020-11-18 11:47:48,415.00,385.62,406.26,403.39,401.34,385.62,415.00,401.34
2020-11-18 11:48:47,415.00,385.62,406.26,403.29,401.30,385.62,415.00,401.35
2020-11-18 11:49:46,415.00,385.62,406.26,403.20,401.27,385.62,415.00,401.36
2020-11-18 11:50:47,415.00,385.62,406.26,403.20,401.27,385.62,415.00,401.36
2020-11-18 11:51:46,415.00,385.62,406.26,404.23,401.62,385.62,415.00,401.36
2020-11-18 11:52:47,415.00,385.62,406.26,404.29,401.64,385.62,415.00,401.39
2020-11-18 11:53:46,415.00,385.62,406.26,404.44,401.69,385.62,415.00,401.40
2020-11-18 11:54:16,415.00,385.62,406.26,404.40,401.67,385.62,415.00,401.42
2020-11-18 11:55:22,415.00,385.62,406.26,404.17,401.60,385.62,415.00,401.43
2020-11-18 11:56:17,415.00,385.62,406.26,404.27,401.63,385.62,415.00,401.44
2020-11-18 11:57:17,415.00,385.62,406.26,404.25,401.62,385.62,415.00,401.44
2020-11-18 11:58:20,415.00,385.62,406.26,404.36,401.66,385.62,415.00,401.45
2020-11-18 11:59:18,415.00,385.62,406.26,404.55,401.72,385.62,415.00,401.45
2020-11-18 12:00:18,415.00,385.62,406.26,405.61,402.08,385.62,415.00,401.46
2020-11-18 12:01:17,415.00,385.62,406.26,404.65,401.76,385.62,415.00,401.49
2020-11-18 12:02:18,415.00,385.62,406.26,404.71,401.78,385.62,415.00,401.52
2020-11-18 12:03:17,415.00,385.62,406.26,404.44,401.69,385.62,415.00,401.54
2020-11-18 12:04:19,415.00,385.62,406.26,404.01,401.54,385.62,415.00,401.56
2020-11-18 12:05:17,415.00,385.62,406.26,404.44,401.69,385.62,415.00,401.57
2020-11-18 12:06:17,415.00,385.62,406.26,404.20,401.61,385.62,415.00,401.59
2020-11-18 12:07:21,415.00,385.62,406.26,404.10,401.57,385.62,415.00,401.61
2020-11-18 12:08:18,415.00,385.62,406.26,403.90,401.51,385.62,415.00,401.62
2020-11-18 12:09:23,415.00,385.62,406.26,403.54,401.39,385.62,415.00,401.63
2020-11-18 12:10:26,415.00,385.62,406.26,403.88,401.50,385.62,415.00,401.64
2020-11-18 12:11:19,415.00,385.62,406.26,403.79,401.47,385.62,415.00,401.65
2020-11-18 12:12:17,415.00,385.62,406.26,403.91,401.51,385.62,415.00,401.64
2020-11-18 12:13:17,415.00,385.62,406.26,403.80,401.47,385.62,415.00,401.63
2020-11-18 12:14:18,415.00,385.62,406.26,404.07,401.56,385.62,415.00,401.62
2020-11-18 12:15:18,415.00,385.62,406.26,404.09,401.57,385.62,415.00,401.62
2020-11-18 12:15:51,415.00,385.62,406.26,403.85,401.49,385.62,415.00,401.62
2020-11-18 12:16:48,415.00,385.62,406.26,403.95,401.52,385.62,415.00,401.61
2020-11-18 12:17:52,415.00,385.62,406.26,403.83,401.48,385.62,415.00,401.60
2020-11-18 12:18:47,415.00,385.62,406.26,403.83,401.48,385.62,415.00,401.60
2020-11-18 12:19:46,415.00,385.62,406.26,403.54,401.39,385.62,415.00,401.58
2020-11-18 12:20:47,415.00,385.62,406.26,403.46,401.36,385.62,415.00,401.55
2020-11-18 12:21:46,415.00,385.62,406.26,403.79,401.47,385.62,415.00,401.53
2020-11-18 12:22:45,415.00,385.62,406.26,403.72,401.45,385.62,415.00,401.51
2020-11-18 12:23:21,415.00,385.62,406.26,403.80,401.47,385.62,415.00,401.50
2020-11-18 12:24:18,415.00,385.62,406.26,403.82,401.48,385.62,415.00,401.50
2020-11-18 12:24:45,415.00,385.62,406.26,403.81,401.48,385.62,415.00,401.49
2020-11-18 12:25:21,415.00,385.62,406.26,404.02,401.55,385.62,415.00,401.48
2020-11-18 12:26:19,415.00,385.62,406.26,404.10,401.57,385.62,415.00,401.48
2020-11-18 12:27:17,415.00,385.62,406.26,403.39,401.34,385.62,415.00,401.48
2020-11-18 12:28:16,415.00,385.62,406.26,403.46,401.36,385.62,415.00,401.48
2020-11-18 12:29:16,415.00,385.62,406.26,403.32,401.31,385.62,415.00,401.47
2020-11-18 12:29:47,415.00,385.62,406.26,403.22,401.28,385.62,415.00,401.47
2020-11-18 12:30:15,415.00,385.62,406.26,403.08,401.23,385.62,415.00,401.45
2020-11-18 12:30:47,415.00,385.62,406.26,402.02,400.88,385.62,415.00,401.44
2020-11-18 12:31:15,415.00,385.62,406.26,402.07,400.90,385.62,415.00,401.41
2020-11-18 12:31:48,415.00,385.62,406.26,401.66,400.76,385.62,415.00,401.37
2020-11-18 12:32:50,415.00,385.62,406.26,402.09,400.90,385.62,415.00,401.34
2020-11-18 12:33:20,415.00,385.62,406.26,402.01,400.88,385.62,415.00,401.31
2020-11-18 12:34:18,415.00,385.62,406.26,402.23,400.95,385.62,415.00,401.28
2020-11-18 12:34:51,415.00,385.62,406.26,402.73,401.12,385.62,415.00,401.25
2020-11-18 12:35:46,415.00,385.62,406.26,402.17,400.93,385.62,415.00,401.24
2020-11-18 12:36:49,415.00,385.62,406.26,403.18,401.27,385.62,415.00,401.22
